account_id,account_name,vertical
A0001,HealthcareCo1,healthcare
A0002,HealthcareCo2,healthcare
A0003,HealthcareCo3,healthcare
A0004,HealthcareCo4,healthcare
A0005,HealthcareCo5,healthcare
A0006,HealthcareCo6,healthcare
A0007,HealthcareCo7,healthcare
A0008,HealthcareCo8,healthcare
A0009,HealthcareCo9,healthcare
A0010,HealthcareCo10,healthcare
A0011,HealthcareCo11,healthcare
A0012,HealthcareCo12,healthcare
A0013,HealthcareCo13,healthcare
A0014,HealthcareCo14,healthcare
A0015,HealthcareCo15,healthcare
A0016,HealthcareCo16,healthcare
A0017,HealthcareCo17,healthcare
A0018,HealthcareCo18,healthcare
A0019,HealthcareCo19,healthcare
A0020,HealthcareCo20,healthcare
A0021,EducationCo1,education
A0022,EducationCo2,education
A0023,EducationCo3,education
A0024,EducationCo4,education
A0025,EducationCo5,education
A0026,EducationCo6,education
A0027,EducationCo7,education
A0028,EducationCo8,education
A0029,EducationCo9,education
A0030,EducationCo10,education
A0031,EducationCo11,education
A0032,EducationCo12,education
A0033,EducationCo13,education
A0034,EducationCo14,education
A0035,EducationCo15,education
A0036,EducationCo16,education
A0037,EducationCo17,education
A0038,EducationCo18,education
A0039,EducationCo19,education
A0040,EducationCo20,education
A0041,ManufacturingCo1,manufacturing
A0042,ManufacturingCo2,manufacturing
A0043,ManufacturingCo3,manufacturing
A0044,ManufacturingCo4,manufacturing
A0045,ManufacturingCo5,manufacturing
A0046,ManufacturingCo6,manufacturing
A0047,ManufacturingCo7,manufacturing
A0048,ManufacturingCo8,manufacturing
A0049,ManufacturingCo9,manufacturing
A0050,ManufacturingCo10,manufacturing
A0051,ManufacturingCo11,manufacturing
A0052,ManufacturingCo12,manufacturing
A0053,ManufacturingCo13,manufacturing
A0054,ManufacturingCo14,manufacturing
A0055,ManufacturingCo15,manufacturing
A0056,ManufacturingCo16,manufacturing
A0057,ManufacturingCo17,manufacturing
A0058,ManufacturingCo18,manufacturing
A0059,ManufacturingCo19,manufacturing
A0060,ManufacturingCo20,manufacturing
A0061,RetailCo1,retail
A0062,RetailCo2,retail
A0063,RetailCo3,retail
A0064,RetailCo4,retail
A0065,RetailCo5,retail
A0066,RetailCo6,retail
A0067,RetailCo7,retail
A0068,RetailCo8,retail
A0069,RetailCo9,retail
A0070,RetailCo10,retail
A0071,RetailCo11,retail
A0072,RetailCo12,retail
A0073,RetailCo13,retail
A0074,RetailCo14,retail
A0075,RetailCo15,retail
A0076,RetailCo16,retail
A0077,RetailCo17,retail
A0078,RetailCo18,retail
A0079,RetailCo19,retail
A0080,RetailCo20,retail
A0081,GovernmentCo1,government
A0082,GovernmentCo2,government
A0083,GovernmentCo3,government
A0084,GovernmentCo4,government
A0085,GovernmentCo5,government
A0086,GovernmentCo6,government
A0087,GovernmentCo7,government
A0088,GovernmentCo8,government
A0089,GovernmentCo9,government
A0090,GovernmentCo10,government
A0091,GovernmentCo11,government
A0092,GovernmentCo12,government
A0093,GovernmentCo13,government
A0094,GovernmentCo14,government
A0095,GovernmentCo15,government
A0096,GovernmentCo16,government
A0097,GovernmentCo17,government
A0098,GovernmentCo18,government
A0099,GovernmentCo19,government
A0100,GovernmentCo20,government
